Section,Product,Price,Discount,Rating,Scraped Date
Accessories,Blubby Multi Clutcher ( Pack of 1 ),213,54,3.3,2026-02-14
Accessories,Ezybe Self Adhesive Kichen Shelf Light Blue Plastic Storage Racks (Pack of 2),173,35,3.9,2026-02-14
Accessories,AUTOGROOMZ Windshield Only Double Clamp Car Mobile Holder - Black,217,20,3.7,2026-02-14
Accessories,"5 In 1 Multi Pin Universal Portable Adapter And Car Mobile Charging Cable For (iPhone,Type C and Micro USB)",254,52,4.1,2026-02-14
Accessories,"delhideals Indian Flag for Car Dashboard, Office Table, Study Table & Drawing Table",195,31,3.2,2026-02-14
Accessories,QitmirMKT NEW KEYCHAIN LIGHTER WITH HIGH POWER LIGHT Multicolor Multipurpose Car Cigarette Lighter ( Pack of 1 ),238,37,2.6,2026-02-14
Accessories,CRAYLUXE Accu Pressure Bead Back / Lumbar Support Single Black,538,54,4.4,2026-02-14
Accessories,Car Ashtrays Multi Color,176,48,3.4,2026-02-14
Accessories,Vertical9 Car Mobile Charger 3_in_1 cable Multicolour,240,28,2.6,2026-02-14
Accessories,GEEO Accu Pressure Bead Back / Lumbar Support Single Black,223,26,3.1,2026-02-14
Accessories,"GEEO Universal Car Steering Knob, Car Steering Wheel Knob, Steering Wheel Spinner Knob, 360° Rotation Booster (3R Original)",331,51,3.6,2026-02-14
Accessories,Digital Car Dashboard Alarm Clock and Stopwatch With Flexible Stand,180,34,3.5,2026-02-14
Accessories,RONISH Neck Cushions Set of 2 Black,160,54,4.0,2026-02-14
Accessories,Aksmit Premium Metal Key Cover Compitable for Maruti Suzuki Ignis,434,34,4.2,2026-02-14
Accessories,JAGIRA DIVINE TOUCH Multicolor Plastic Storage Racks ( Pack of 1 ),116,29,4.2,2026-02-14
Accessories,AKSMIT Dashboard Fan Black,508,42,4.3,2026-02-14
Accessories,mahek accessories for Headrest Black,137,54,2.5,2026-02-14
Accessories,Blubby Multi Rubber Band ( Pack of 30 ),120,24,2.5,2026-02-14
Accessories,Tender care Memory Foam Back / Lumbar Support Single Black,352,50,3.8,2026-02-14
Accessories,"Aksmit Waterproof and Non-slip Leather Floor Mats, Car Floor Mat Accessories, Black gold",1472,43,2.8,2026-02-14
Footwear,Cozy Wear Black Men's Daily Slipper,183,55,3.1,2026-02-14
Footwear,Xtoon Grey Men's Outdoor Shoes,498,35,4.1,2026-02-14
Footwear,AROTEK Grey Men's Daily Slipper,191,30,2.8,2026-02-14
Footwear,PENNEN Green Women's Flats,270,27,3.2,2026-02-14
Footwear,Shoetopia Beige Women's Sandal Heels,594,21,3.0,2026-02-14
Footwear,Cozy Wear Brown Men's Daily Slipper,193,21,2.9,2026-02-14
Footwear,Leeport Black Men's Mocassin Formal Shoes,551,24,2.9,2026-02-14
Footwear,FUSEOWL Maroon Women's Flip Flop,171,33,3.1,2026-02-14
Footwear,PERY PAO Blue Men's Slide Flip Flop,226,36,4.3,2026-02-14
Footwear,YNP Design Collections Brown Women's Ethnic Ballerinas,411,37,4.0,2026-02-14
Footwear,Campus Oxyfit (N) Navy Blue Men's Slip-on Shoes,622,32,3.4,2026-02-14
Footwear,Cozy Wear Olive Men's Daily Slipper,193,29,2.7,2026-02-14
Footwear,hanuco Height Increasing Insoles,301,35,2.7,2026-02-14
Footwear,Modern Stylish Latest Kids Girls And Kids Boys Clog Flip Flops,262,21,3.0,2026-02-14
Footwear,LiteHawks Green Men's Daily Slipper,220,51,3.2,2026-02-14
Footwear,hanuco Orthopaedic Insoles,252,37,3.1,2026-02-14
Footwear,Citipiti ind. Green Women's Flats,208,41,3.0,2026-02-14
Footwear,Cozy Wear Black Men's Daily Slipper,214,43,3.6,2026-02-14
Footwear,lyvi Black Men's Daily Slipper,187,47,3.0,2026-02-14
Footwear,Bersache - Orange Girl's Sports Shoes ( 1 Pair ),520,24,3.8,2026-02-14
Kids Fashion,Cool and NIce kids Multi color Bermuda pack of 5,341,54,3.1,2026-02-14
Kids Fashion,"A.W.A KIDS FASHION Cotton Frock For Girls ( Pack of 1 , Blue )",382,55,3.4,2026-02-14
Kids Fashion,"A.W.A KIDS FASHION Cotton Blend Frock For Girls ( Pack of 1 , Light Blue )",382,43,3.7,2026-02-14
Kids Fashion,"Villata fashion Net Frock For Girls ( Pack of 1 , Red )",290,22,4.2,2026-02-14
Kids Fashion,"Arshia Fashions Net Lehenga Choli Sets For Girls ( , Red )",381,41,3.3,2026-02-14
Kids Fashion,"Arshia Fashions Girls Cotton Blend Patiala Kurta Set ( Pack of 1 , Green )",561,37,3.5,2026-02-14
Kids Fashion,"Arshia Fashions Cotton Blend Dress For Girls ( Pack of 1 , Multicolor )",561,48,3.0,2026-02-14
Kids Fashion,"Nios Fashion Girls Cotton Polyester Jeans ( Pack of 2 , Multicolor 2 )",355,21,3.9,2026-02-14
Kids Fashion,NI FASHION Pack of 1 Boys Cotton Blend T-Shirt ( Green ),171,26,4.1,2026-02-14
Kids Fashion,NAYPAL FASHION STYLE Pack of 1 Boys & Girls Cotton Blend T-Shirt ( Pink ),232,55,4.4,2026-02-14
Kids Fashion,"Villata fashion Net Frock For Girls ( Pack of 1 , White )",275,34,3.3,2026-02-14
Kids Fashion,"PMD Fashion Net Lehenga Choli Set For Girls ( Pack of 1 , Charcoal )",355,44,4.4,2026-02-14
Kids Fashion,NI FASHION Pack of 1 Boys Cotton Blend Polo T-Shirt ( White ),171,49,3.5,2026-02-14
Kids Fashion,"Arshia Fashions Cotton Blend Shirt Dress For Girls ( Pack of 1 , Blue )",501,47,3.9,2026-02-14
Kids Fashion,"Villata fashion Net Frock For Girls ( Pack of 1 , Red )",331,23,2.5,2026-02-14
Kids Fashion,NI FASHION Pack of 1 Boys Cotton Blend T-Shirt ( Black ),171,46,3.5,2026-02-14
Kids Fashion,"Arshia Fashions Polyester Shirt Dress For Girls ( Pack of 1 , Multicolor )",561,27,2.6,2026-02-14
Kids Fashion,"Villata fashion Net Frock For Girls ( Pack of 1 , White )",331,48,2.8,2026-02-14
Kids Fashion,"SUBRUNG FASHION Crepe Frock For Baby Girls ( Pack of 1 , Multicolor 1 )",389,47,3.6,2026-02-14
Kids Fashion,"Villata fashion Net Frock For Girls ( Pack of 1 , Pink )",355,20,3.4,2026-02-14
Men Clothing,Montrez Cotton Blend Men's Casual Jacket - Olive ( Pack of 1 ),557,30,3.6,2026-02-14
Men Clothing,Rigo Polyester Men's Puffer Jacket - Grey ( Pack of 1 ),690,49,3.5,2026-02-14
Men Clothing,Montrez Cotton Blend Men's Casual Jacket - White ( Pack of 1 ),557,21,3.1,2026-02-14
Men Clothing,Forbro Nylon Men's Windcheater Jacket - Maroon ( Pack of 1 ),598,33,3.4,2026-02-14
Men Clothing,yellow tree Polyester Men's Casual Jacket - White ( Pack of 1 ),704,37,3.5,2026-02-14
Men Clothing,Brandline Multi Cotton Men's Unstitched Shirts & Trousers ( Pack of 1 ),582,53,3.8,2026-02-14
Men Clothing,TAZO Nylon Men's Windcheater Jacket - Blue ( Pack of 1 ),462,40,2.6,2026-02-14
Men Clothing,Forbro Nylon Men's Windcheater Jacket - Black ( Pack of 1 ),598,44,3.2,2026-02-14
Men Clothing,eddicted Polyester Men's Puffer Jacket - Navy Blue ( Pack of 1 ),617,36,3.8,2026-02-14
Men Clothing,Mashaykh Polyester Men's Windcheater Jacket - White ( Pack of 1 ),682,24,3.7,2026-02-14
Men Clothing,KUNDAN SULZ GWALIOR Multi Cotton Blend Unstitched Shirts & Trousers,547,40,2.8,2026-02-14
Men Clothing,Reya Cotton Blend Men's Casual Jacket - Black ( Pack of 1 ),429,50,3.6,2026-02-14
Men Clothing,AZF Nylon Men's Windcheater Jacket - Navy ( Pack of 1 ),457,32,2.9,2026-02-14
Men Clothing,Mashaykh Polyester Men's Windcheater Jacket - Black ( Pack of 1 ),657,37,3.8,2026-02-14
Men Clothing,Reya Cotton Blend Men's Casual Jacket - Maroon ( Pack of 1 ),429,21,2.6,2026-02-14
Men Clothing,AZF Nylon Men's Windcheater Jacket - Blue ( Pack of 1 ),457,42,4.4,2026-02-14
Men Clothing,Eyebogler Polyester Men's Windcheater Jacket - Grey ( Pack of 1 ),344,54,3.3,2026-02-14
Men Clothing,AZF Nylon Men's Casual Jacket - Wine ( Pack of 1 ),457,22,2.9,2026-02-14
Men Clothing,yellow tree Polyester Men's Casual Jacket - Multicolor ( Pack of 1 ),722,43,3.4,2026-02-14
Men Clothing,AZF Nylon Men's Windcheater Jacket - Olive ( Pack of 1 ),457,44,4.4,2026-02-14
Women Clothing,Sheetal associates Women Polyester Printed Fit & Flare Dress ( Blue ),394,54,4.2,2026-02-14
Women Clothing,TUHIRAJ Women Crepe Printed Gown ( Brown ),470,27,4.2,2026-02-14
Women Clothing,"BLYNK Lycra Petticoat ( Multicoloured , )",268,27,3.2,2026-02-14
Women Clothing,wanquila Women Lycra Solid Bodycon Dress ( Beige ),363,55,4.3,2026-02-14
Women Clothing,Sheetal associates Women Crepe Printed Shirt Dress ( White ),394,28,3.4,2026-02-14
Women Clothing,Fabverse Women Lycra Solid Bodycon Dress ( Black ),319,43,3.7,2026-02-14
Women Clothing,"KNOWZY Rayon Women Dupatta ( Magenta , Pack of 1 )",108,44,4.5,2026-02-14
Women Clothing,Sheetal associates Women Crepe Printed Fit & Flare Dress ( White ),394,45,2.9,2026-02-14
Women Clothing,Madhusudan Women Rayon Printed Ethnic Dress ( Pink ),452,27,2.8,2026-02-14
Women Clothing,Sheetal associates Women Crepe Printed A-line Dress ( Orange ),339,53,4.4,2026-02-14
Women Clothing,Sheetal associates Women Crepe Printed Shirt Dress ( Green ),394,30,4.4,2026-02-14
Women Clothing,NIVESTANA Women Viscose Rayon Gown ( Purple ),393,23,3.4,2026-02-14
Women Clothing,Sheetal associates Women Polyester Printed Fit & Flare Dress ( Brown ),394,23,3.0,2026-02-14
Women Clothing,"DELTIN HUB Lycra Petticoat ( Black , )",234,39,4.1,2026-02-14
Women Clothing,THE LADIES FASHION Women Viscose Rayon Maxi ( White ),391,23,3.6,2026-02-14
Women Clothing,Sheetal associates Women Crepe Printed A-line Dress ( White ),394,32,3.7,2026-02-14
Women Clothing,JASH CREATION Women Cotton Blend Printed Fit & Flare Dress ( Pink ),356,21,4.2,2026-02-14
Women Clothing,Fasanger Cotton Lycra Women's Shrugs - White ( ),244,47,2.7,2026-02-14
Women Clothing,color bucket Women Net Circular Semi Stitched Lehenga Choli ( Beige ),377,52,3.8,2026-02-14
Women Clothing,PIYURZ Pack of 6 Poly Cotton Solid Women's Briefs ( Multi Color ),207,39,4.3,2026-02-14
