Section,Product,Discount,Rating
Accessories,Blubby Multi Clutcher ( Pack of 1 ),79,3.0
Accessories,JAGIRA DIVINE TOUCH Multicolor Plastic Storage Racks ( Pack of 1 ),83,2.3
Accessories,AUTOGROOMZ Windshield Only Double Clamp Car Mobile Holder - Black,82,3.8
Accessories,"delhideals Indian Flag for Car Dashboard, Office Table, Study Table & Drawing Table",67,2.9
Accessories,"Portronics Clamp M3 Adjustable Car Mobile Phone Holder Stand for Dashboard & Windshield, 360degree Rotational, Strong Suction Cup, Compatible with 4 to 6 inch Devices(Black)",70,4.2
Accessories,"5 In 1 Multi Pin Universal Portable Adapter And Car Mobile Charging Cable For (iPhone,Type C and Micro USB)",75,4.3
Accessories,"GEEO Universal Car Steering Knob, Car Steering Wheel Knob, Steering Wheel Spinner Knob, 360° Rotation Booster (3R Original)",67,4.7
Accessories,CRAYLUXE Accu Pressure Bead Back / Lumbar Support Single Black,64,1.9
Accessories,QitmirMKT NEW KEYCHAIN LIGHTER WITH HIGH POWER LIGHT Multicolor Multipurpose Car Cigarette Lighter ( Pack of 1 ),76,2.2
Accessories,"Aksmit Pack of -1 Car Gear Knob Protector Gear Shifter Cover for Anti-Scratch Car Gear Knob Cover and Dust Proof Nonslip Gear Cover for Car Universal Fit Silicon Car Gear Knob Stylish- Black, Silicone Rubber",53,3.2
Accessories,Car Ashtrays Multi Color,75,1.8
Accessories,"48Inch Ice Blue & Red DRL LED Brake with Side Turn Signal & Parking Indication Trunk,Boot,Dicky Light For Innova 2005-12",61,1.6
Accessories,Vertical9 Car Mobile Charger 3_in_1 cable Multicolour,78,4.1
Accessories,Aksmit 4 Pieces 12 LED DC 12V Multicolour Music Car Strip Atmosphere Lamp Light for Car Interior Under Dash Lighting Kit with Sound Active Function and Wireless Control,52,2.0
Accessories,GEEO Accu Pressure Bead Back / Lumbar Support Single Black,78,2.5
Accessories,"USB Disco Light / Night Light / Room / Car / Party Decoration Disco Laser Car Fancy Lights, Car Roof Full Star Projection Car Fancy Lights Portable Decorations Lamp",69,3.6
Accessories,Ezybe Self Adhesive Kichen Shelf Light Blue Plastic Storage Racks (Pack of 2),83,3.8
Accessories,AKSMIT Dashboard Fan Black,27,2.3
Accessories,Blubby Multi Rubber Band ( Pack of 30 ),85,2.5
Accessories,RONISH Steering Cover Leatherite,60,3.1
Accessories,Anshri White Plastic Kitchen Dispenser ( Pack of 2 ),67,2.4
Accessories,Rhosyn Gold Women's Hair Clip ( Pack of 1 ),63,2.7
Accessories,Digital Car Dashboard Alarm Clock and Stopwatch With Flexible Stand,55,2.5
Accessories,RONISH Neck Cushions Set of 2 Black,68,4.0
Accessories,Tender care Memory Foam Back / Lumbar Support Single Black,77,2.6
Accessories,"TANTRA Car Armrest Cover Cushion with 2 Storage Bags - Soft, Comfortable, Non-Slip Protector for Vehicle Center Console - Waterproof, Durable, and Stylish",63,3.4
Accessories,Aksmit Premium Metal Key Cover Compitable for Maruti Suzuki Ignis,57,3.7
Accessories,RONISH Steering Cover Leatherite,62,2.6
Accessories,"TANTRA Car Armrest Cover Cushion with 2 Storage Bags - Soft, Comfortable, Non-Slip Protector for Vehicle Center Console - Waterproof, Durable, and Stylish",63,3.8
Accessories,Sonal Brown Plastic Storage Racks ( Pack of 1 ),38,3.6
Accessories,"Aksmit Waterproof and Non-slip Leather Floor Mats, Car Floor Mat Accessories, Black gold",13,2.2
Accessories,"Premium Car Seat Belt Cover - Comfort & Safety Enhancer - Adjustable, Soft, & Stylish - Universal Fit for All Vehicles",72,2.1
Accessories,AKSMIT Dashboard Fan Black,27,4.6
Accessories,SIAGO Seat Belt Cover Beige Single,69,3.4
Accessories,Bhavyta Night Vision Visor Plastic Yellow,56,3.4
Accessories,Anshri White Plastic Storage Racks ( Pack of 4 ),75,2.5
Accessories,Sushil Silver Stainless Steel Dish Racks ( Pack of 1 ),70,2.4
Accessories,CarFrill Gear Knob Metallic for 5 Speed Gear,41,4.1
Accessories,4 Color 17 CM DRL Strip,63,1.6
Accessories,KP Mart Electronic Kitchen Digital Weighing Scale Multipurpose 10 Kg (SF 400A),37,2.6
Accessories,"Portronics Car Power 5 Car Charger with Dual USB Ports ,Black (POR 1345) wihtout cable",59,4.6
Accessories,"Portronics 51W Car Power 16 Fast Car Charger with Dual Output, 51 Watts Total (18W USB + 33W Type C PD), Fast Charging, Adapter for iPhone & Android Smartphones and Tablets (Black)",65,2.8
Accessories,RONISH Steering Cover Leatherite,55,3.1
Accessories,JVG Neck Cushions Set of 2 Black,62,3.3
Accessories,Sushil Silver Stainless Steel Cylinder Trolley ( Pack of 2 ),64,3.9
Accessories,Winstar - Silver Stainless Steel Wall mount Stand ( Pack of 1 ),74,3.9
Accessories,"Premium Metal Key Cover Compitable for Suzuki Swift|Ertiga|Wagonr|Celerio|Swift Dzire|Alto|Fronx|Breza|S Presso|Ignis 2 Button Remote Key, Brown and Black",42,4.7
Accessories,Crust Laptop Charger / Inverter N80 Black,62,4.5
Accessories,SWASTICK Black Stainless Steel Storage Racks ( Pack of 2 ),77,4.7
Accessories,"Masala Rangoli Box Dabba for Keeping Spices, Spice Box for Kitchen, Plastic Wooden Style Masala Box, Masala Container, Masala Dabba",83,4.5
Accessories,Anshri Multicolor Plastic Wall mount Stand ( Pack of 2 ),60,3.2
Accessories,"Valdez Silicon Car Key Cover Shell for maruti suzuki swift, dzire, baleno, ertiga",83,1.5
Accessories,"KP Mart Multi Functional Makeup Storage Box with Holder Dust Proof Cosmetic Organizer Water Proof Box for Desktop Bathroom, Dresser, Vanity and Countertop Cosmetic Box Plastic",80,3.2
Accessories,SPIX Black Stainless Steel Storage Racks ( Pack of 1 ),81,3.4
Accessories,Sonal Dark Grey Plastic Storage Racks ( Pack of 1 ),40,3.9
Accessories,swanoll Light Grey Plastic Kitchen Trolleys ( Pack of 1 ),53,3.1
Accessories,Unbranded Divinity Idols Orange,71,2.3
Accessories,"USB Disco Light / Night Light / Room / Car / Party Decoration Disco Laser Car Fancy Lights, Car Roof Full Star Projection Car Fancy Lights Portable Decorations Lamp",68,3.3
Accessories,"KTU Car Plastic Backseat Headrest Hook/Hanger Universal Durable Organiser Space Saver for Handbag, Wallets, Grocery Bags (Black, Pack of 4)",73,4.7
Accessories,Tantra Cup & Can Holder for Front Seat Side Black,79,3.3
Footwear,AROTEK Grey Men's Daily Slipper,76,1.7
Footwear,Xtoon Grey Men's Outdoor Shoes,67,3.2
Footwear,Cozy Wear Black Men's Daily Slipper,63,2.7
Footwear,Citipiti ind. Green Women's Flats,70,4.6
Footwear,Shoetopia Beige Women's Sandal Heels,70,1.5
Footwear,PERY PAO Blue Men's Slide Flip Flop,77,2.2
Footwear,Rising Wolf Tan Men's Derby Formal Shoes,80,2.9
Footwear,FUSEOWL Maroon Women's Flip Flop,83,2.6
Footwear,Cozy Wear Brown Men's Daily Slipper,61,3.3
Footwear,YNP Design Collections Brown Women's Ethnic Ballerinas,18,3.3
Footwear,Campus Oxyfit (N) Navy Blue Men's Slip-on Shoes,38,3.5
Footwear,LiteHawks Green Men's Daily Slipper,78,3.0
Footwear,hanuco Height Increasing Insoles,70,2.4
Footwear,hanuco Orthopaedic Insoles,67,1.6
Footwear,Cozy Wear Olive Men's Daily Slipper,61,2.8
Footwear,Skindora Cream Polish Suitable for MultiColor Color,68,1.7
Footwear,KHADIM Beige Flats,31,3.4
Footwear,Cozy Wear Black Men's Daily Slipper,57,2.2
Footwear,lyvi Black Men's Daily Slipper,79,1.8
Footwear,HANSWING All Type Shoes Cleaner,81,4.6
Footwear,BEE U NIK Black Men's Thong Flip Flop,65,4.0
Footwear,Xtoon Multi Color Men's Korean Shoes,63,4.4
Footwear,PENNEN Green Women's Flats,66,1.7
Footwear,Shoetopia Red Women's Sandal Heels,70,3.1
Footwear,YOU LIkE Brown Men's Derby Formal Shoes,80,1.9
Footwear,FUSEOWL Purple Women's Toe Covered Flip Flop,72,1.6
Footwear,Jumpback Maroon Women's Casual Ballerinas,71,2.0
Footwear,secritas Boys & Girls Slip On Slipper Flip Flop,82,4.7
Footwear,ROGZI Liquid Polish Suitable for Black Color,15,1.7
Footwear,Densu Black Men's Korean Shoes,60,3.4
Footwear,ZYPSO Zypso Men?s Grey Synthetic Grey Men's Lifestyle Shoes,72,2.0
Footwear,PENNEN White Men's Lifestyle Shoes,45,4.6
Footwear,"ADISO Trendy ,outdoor stylish casual White Men's Outdoor Shoes",80,4.0
Footwear,Prolific - Black Men's Driving loafers,69,4.5
Footwear,PENNEN White Men's Lifestyle Shoes,61,3.8
Footwear,Seafoot White Men's Outdoor Shoes,68,3.0
Footwear,Altek PeachPuff Women's Flats,51,2.8
Footwear,Citipiti ind. Gray Women's Flats,70,1.8
Footwear,Stylestry Maroon Women's Flats,65,2.8
Footwear,Modern Stylish Kids Girls Casual Partywear Soft Padded Sandals,91,2.8
Footwear,Stylestry Silver Women's Flats,78,1.8
Footwear,Dream Makers - Black Women's Sandal Heels,73,3.9
Footwear,TR Black Men's Monk Strap Formal Shoes,68,3.4
Footwear,FUSEOWL Light Grey Women's Toe Covered Flip Flop,75,2.0
Footwear,YNP Design Collections Black Women's Ethnic Ballerinas,18,4.7
Footwear,NEOBABY Casual Clog for Kids Boys and Girls(Pack of 2),79,2.5
Footwear,WildProducts All Type Shoes Cleaner,85,2.8
Footwear,Paduki Gray Women's Flats,56,3.8
Footwear,PENNEN Blue Women's Flats,66,2.0
Footwear,Paduki Gold Women's Flats,60,4.3
Footwear,MAAN Black Women's Gladiators Flats,78,2.8
Footwear,Paduki Silver Women's Flats,60,2.7
Footwear,Aeroblu Footwear Copper Women's Open Toe Flats,33,2.5
Footwear,Ajanta - Men's Formal,65,4.8
Footwear,Shoetopia Black Women's Flats,74,3.6
Footwear,Stylestry Tan Women's Flats,79,3.7
Footwear,Stylestry Black Women's Flats,79,2.1
Footwear,Altek Silver Women's Flats,70,3.5
Footwear,Paduki White Women's Flats,53,2.8
Footwear,Buxton - Tan Men's Loafers,84,1.8
Kids Fashion,Cool and NIce kids Multi color Bermuda pack of 5,43,3.3
Kids Fashion,"A.W.A KIDS FASHION Cotton Frock For Girls ( Pack of 1 , Blue )",45,2.0
Kids Fashion,"A.W.A KIDS FASHION Cotton Blend Frock For Girls ( Pack of 1 , Light Blue )",62,1.8
Kids Fashion,"Arshia Fashions Cotton Blend Shirt Dress For Girls ( Pack of 1 , Blue )",75,2.4
Kids Fashion,"Arshia Fashions Girls Cotton Blend Patiala Kurta Set ( Pack of 1 , Green )",78,4.3
Kids Fashion,"Villata fashion Net Frock For Girls ( Pack of 1 , Red )",71,2.3
Kids Fashion,"Nios Fashion Girls Cotton Polyester Jeans ( Pack of 2 , Multicolor 4 )",61,2.0
Kids Fashion,"PMD Fashion Net Lehenga Choli Set For Girls ( Pack of 1 , Wine )",64,3.0
Kids Fashion,KIDS CLUB Pack of 1 Boys 100% Cotton Full Sleeves Shirt ( White ),73,3.9
Kids Fashion,Arshia Fashions Pack of 1 Boys Cotton Blend ( Yellow ),76,2.0
Kids Fashion,"Arshia Fashions Polyester Shirt Dress For Girls ( Pack of 1 , Multicolor )",72,2.5
Kids Fashion,"Arshia Fashions Net Lehenga Choli Sets For Girls ( , Red )",84,4.8
Kids Fashion,NI FASHION Pack of 1 Boys Cotton Blend T-Shirt ( Green ),66,4.4
Kids Fashion,"Villata fashion Net Frock For Girls ( Pack of 1 , White )",72,4.0
Kids Fashion,"Arshia Fashions Cotton Blend Dress For Girls ( Pack of 1 , Multicolor )",72,2.3
Kids Fashion,NAYPAL FASHION STYLE Pack of 1 Boys & Girls Cotton Blend T-Shirt ( Pink ),77,2.5
Kids Fashion,"Villata fashion Net Frock For Girls ( Pack of 1 , Red )",67,3.0
Kids Fashion,"SUBRUNG FASHION Crepe Frock For Baby Girls ( Pack of 1 , Multicolor 1 )",76,3.8
Kids Fashion,"Villata fashion Net Frock For Girls ( Pack of 1 , Pink )",72,2.2
Kids Fashion,"Vidya Fashions Net Frock For Girls ( Pack of 1 , Pink )",63,2.4
Kids Fashion,"Arshia Fashions Net Lehenga Choli Set For Girls ( Pack of 1 , Green )",74,4.1
Kids Fashion,"Arshia Fashions Girls Cotton Blend Kurti with Sharara ( Pack of 1 , Pink )",84,2.6
Kids Fashion,"Villata fashion Net Frock For Girls ( Pack of 1 , Red )",67,2.7
Kids Fashion,"Nios Fashion Girls Cotton Polyester Jeans ( Pack of 2 , Multicolor 2 )",61,2.4
Kids Fashion,"A.W.A KIDS FASHION Cotton Blend Frock For Girls ( Pack of 1 , Orange )",42,2.2
Kids Fashion,KIDS CLUB Pack of 1 Boys 100% Cotton Full Sleeves Shirt ( Green ),73,2.8
Kids Fashion,NI FASHION Pack of 1 Boys Cotton Blend T-Shirt ( Black ),66,2.6
Kids Fashion,"Arshia Fashions Polyester Fit And Flare Dress For Girls ( Pack of 1 , Blue )",72,2.3
Kids Fashion,"Arshia Fashions Net Lehenga Choli Sets For Girls ( , Blue )",84,3.7
Kids Fashion,Niicce Fashion Pack of 3 Girls Georgette Frock and Trackpant ( Blue ),68,2.3
Kids Fashion,"Niicce Fashion Cotton Blend Dress For Girls ( Pack of 1 , Multicolor )",65,4.8
Kids Fashion,"Villata fashion Net Frock For Girls ( Pack of 1 , Blue )",64,2.0
Kids Fashion,KASEERA CUTE STYLISH AND TRENDING KIDS GYM VEST PACK OF 5,61,4.1
Kids Fashion,"A.W.A KIDS FASHION Cotton Blend Frock For Girls ( Pack of 1 , Pink )",62,3.1
Kids Fashion,"Villata fashion Net Frock For Girls ( Pack of 1 , Pink )",74,4.5
Kids Fashion,NI FASHION Pack of 1 Boys Cotton Blend T-Shirt ( Light Green ),66,1.8
Kids Fashion,"samjho fashion Net Gown For Girls ( Pack of 1 , Pink )",85,4.6
Kids Fashion,NI FASHION Pack of 1 Boys Cotton Blend T-Shirt ( Purple ),66,2.0
Kids Fashion,"Arshia Fashions Polyester Blend Frock For Girls ( Pack of 1 , Red )",79,4.8
Kids Fashion,"Nios Fashion Girls Cotton Polyester Jeans ( Pack of 2 , Multicolor 5 )",61,2.4
Kids Fashion,"Villata fashion Net Frock For Girls ( Pack of 1 , White )",73,4.1
Kids Fashion,Arshia Fashions Baby Girls Jaipuri Print Frock Style Kurti with Frill Sleeves and Dhoti Style Salwar Ethnic Dress,76,2.0
Kids Fashion,"Nios Fashion Girls Cotton Polyester Jeans ( Pack of 2 , Multicolor 1 )",61,4.0
Kids Fashion,KIDS CLUB Pack of 1 Boys 100% Cotton Full Sleeves Shirt ( Peach ),74,4.5
Kids Fashion,"PMD Fashion Net Lehenga Choli Set For Girls ( Pack of 1 , Charcoal )",64,2.6
Kids Fashion,kids clothing set Pack of 1 Girls Cotton Blend T-shirt & Pants ( Black ),60,4.7
Kids Fashion,"Villata fashion Net Frock For Girls ( Pack of 1 , Pink )",64,4.1
Kids Fashion,NI FASHION Pack of 1 Boys Cotton Blend T-Shirt ( Navy Blue ),66,1.6
Kids Fashion,NI FASHION Pack of 1 Boys Cotton Blend T-Shirt ( Red ),66,3.7
Kids Fashion,"A.W.A KIDS FASHION Cotton Blend Frock For Girls ( Pack of 1 , Black )",42,4.2
Kids Fashion,"Villata fashion Net Frock For Girls ( Pack of 1 , Pink )",67,2.1
Kids Fashion,"Villata fashion Net Frock For Girls ( Pack of 1 , White )",67,4.2
Kids Fashion,"samjho fashion Net Frock For Baby Girls ( Pack of 1 , Green )",60,4.3
Kids Fashion,"A.W.A KIDS FASHION Cotton Blend Frock For Girls ( Pack of 1 , Red )",42,2.1
Kids Fashion,NI FASHION Pack of 1 Boys Cotton Blend T-Shirt ( Maroon ),66,4.4
Kids Fashion,"Arshia Fashions Polyester Fit And Flare Dress For Girls ( Pack of 1 , Purple )",72,2.3
Kids Fashion,NI FASHION Pack of 1 Boys Cotton Blend T-Shirt ( Multicolor ),66,4.1
Kids Fashion,Me N MY Closet extra comfort jeans for Kids,62,1.8
Kids Fashion,"Niicce Fashion Rayon Dress For Girls ( Pack of 1 , Yellow )",65,2.7
Kids Fashion,"Villata fashion Net Frock For Girls ( Pack of 1 , Pink )",71,3.3
Men Clothing,Brandline Multi Cotton Men's Unstitched Shirts & Trousers ( Pack of 1 ),71,4.4
Men Clothing,Reya Cotton Blend Men's Casual Jacket - Black ( Pack of 1 ),71,1.6
Men Clothing,Forbro Nylon Men's Windcheater Jacket - Black ( Pack of 1 ),70,1.9
Men Clothing,eddicted Polyester Men's Puffer Jacket - Blue ( Pack of 1 ),55,4.2
Men Clothing,TAZO Nylon Men's Windcheater Jacket - Blue ( Pack of 1 ),67,3.2
Men Clothing,eddicted Polyester Men's Puffer Jacket - Navy Blue ( Pack of 1 ),53,3.2
Men Clothing,AZF Nylon Men's Windcheater Jacket - Olive ( Pack of 1 ),71,1.8
Men Clothing,yellow tree Polyester Men's Casual Jacket - Multicolor ( Pack of 1 ),64,4.7
Men Clothing,AZF Nylon Men's Windcheater Jacket - Blue ( Pack of 1 ),71,2.5
Men Clothing,yellow tree Polyester Men's Casual Jacket - Black ( Pack of 1 ),73,3.4
Men Clothing,TAZO Nylon Men's Casual Jacket - Grey ( Pack of 1 ),70,4.0
Men Clothing,Mashaykh Polyester Men's Windcheater Jacket - White ( Pack of 1 ),66,2.7
Men Clothing,FTX Denim Men's Denim Jacket - Light Blue ( Pack of 1 ),75,2.1
Men Clothing,yellow tree Polyester Men's Casual Jacket - White ( Pack of 1 ),72,2.5
Men Clothing,AZF Nylon Men's Windcheater Jacket - Navy ( Pack of 1 ),71,2.4
Men Clothing,Mashaykh Polyester Men's Windcheater Jacket - Multicolor 1 ( Pack of 1 ),66,2.0
Men Clothing,Montrez Cotton Blend Men's Casual Jacket - White ( Pack of 1 ),78,1.5
Men Clothing,Mashaykh Polyester Men's Windcheater Jacket - Black ( Pack of 1 ),67,4.5
Men Clothing,Montrez Cotton Blend Men's Casual Jacket - Olive ( Pack of 1 ),78,4.8
Men Clothing,AZF Nylon Men's Windcheater Jacket - Dark Grey ( Pack of 1 ),71,4.0
Men Clothing,Reya Cotton Blend Men's Casual Jacket - Maroon ( Pack of 1 ),71,4.3
Men Clothing,AZF Nylon Men's Casual Jacket - Wine ( Pack of 1 ),71,2.3
Men Clothing,Christy World Polyester Men's Casual Jacket - Black ( Pack of 1 ),77,2.4
Men Clothing,Mashaykh Polyester Men's Windcheater Jacket - Multicolor 2 ( Pack of 1 ),66,2.6
Men Clothing,Christy World Nylon Men's Windcheater Jacket - Black ( Pack of 1 ),75,2.6
Men Clothing,Forbro Nylon Men's Windcheater Jacket - Maroon ( Pack of 1 ),70,3.1
Men Clothing,IF-INDIAN FORT Polyester Men's Quilted & Bomber Jacket - Navy ( Pack of 1 ),61,3.9
Men Clothing,Montrez Cotton Blend Men's Casual Jacket - Yellow ( Pack of 1 ),78,1.9
Men Clothing,eddicted Nylon Men's Biker Jacket - Grey ( Pack of 1 ),53,4.1
Men Clothing,TrendsTalk Nylon Men's Windcheater Jacket - Blue ( Pack of 1 ),62,4.0
Men Clothing,Rigo Polyester Men's Puffer Jacket - Grey ( Pack of 1 ),83,3.9
Men Clothing,eddicted Polyester Men's Windcheater Jacket - Maroon ( Pack of 1 ),53,3.8
Men Clothing,FTX Polyester Men's Casual Jacket - Black ( Pack of 1 ),77,3.4
Men Clothing,Rigo Fleece Men's Casual Jacket - Grey ( Pack of 1 ),74,3.5
Men Clothing,Dollar Polyester Blend Men's Casual Jacket - Grey ( Pack of 1 ),50,2.0
Men Clothing,Forbro Nylon Men's Windcheater Jacket - White ( Pack of 1 ),70,4.4
Men Clothing,Eyebogler Polyester Men's Windcheater Jacket - Grey ( Pack of 1 ),86,2.9
Men Clothing,TAZO Nylon Men's Windcheater Jacket - Maroon ( Pack of 1 ),67,2.7
Men Clothing,TrendsTalk Nylon Men's Windcheater Jacket - Maroon ( Pack of 1 ),79,4.7
Men Clothing,FTX Denim Men's Denim Jacket - Navy Blue ( Pack of 1 ),75,2.7
Men Clothing,eddicted Polyester Men's Biker Jacket - Navy Blue ( Pack of 1 ),53,2.7
Men Clothing,FLIRTY SOUL Polyester Men's Casual Jacket - Multicolor ( Pack of 1 ),72,3.3
Men Clothing,Rigo Fleece Men's Casual Jacket - Black ( Pack of 1 ),69,3.3
Men Clothing,IF-INDIAN FORT Polyester Men's Quilted & Bomber Jacket - Red ( Pack of 1 ),60,1.6
Men Clothing,SCOLLER Polyester Men's Windcheater Jacket - Olive ( Pack of 1 ),76,1.6
Men Clothing,Club York Polyester Men's Quilted & Bomber Jacket - White ( Pack of 1 ),80,2.6
Men Clothing,SCOLLER Polyester Men's Windcheater Jacket - Olive ( Pack of 1 ),76,2.2
Men Clothing,Christy World Polyester Men's Casual Jacket - White ( Pack of 1 ),79,2.2
Men Clothing,FLIRTY SOUL Polyester Men's Casual Jacket - Multicolor ( Pack of 1 ),68,3.3
Men Clothing,FastColors Cotton Blend Men's Casual Jacket - Multicolor ( Pack of 1 ),86,2.4
Men Clothing,eddicted Polyester Men's Biker Jacket - Black ( Pack of 1 ),53,2.7
Men Clothing,Camey Polyester Men's Casual Jacket - Beige ( Pack of 1 ),77,3.4
Men Clothing,Club York Polyester Men's Windcheater Jacket - White ( Pack of 1 ),80,4.4
Men Clothing,eddicted Polyester Men's Windcheater Jacket - Grey ( Pack of 1 ),53,2.0
Men Clothing,Leotude Fleece Men's Casual Jacket - Mustard ( Pack of 1 ),67,3.7
Men Clothing,eddicted Nylon Men's Biker Jacket - Black ( Pack of 1 ),53,3.1
Men Clothing,MAYKR Polyester Men's Casual Jacket - Black ( Pack of 1 ),43,4.1
Men Clothing,Rino Fleece Men's Casual Jacket - Black ( Pack of 1 ),68,2.1
Men Clothing,KUNDAN SULZ GWALIOR Multi Cotton Blend Unstitched Shirts & Trousers,54,3.6
Men Clothing,FLIRTY SOUL Polyester Men's Casual Jacket - Multicolor ( Pack of 1 ),72,3.5
Women Clothing,Sheetal associates Women Polyester Printed Fit & Flare Dress ( Blue ),61,1.8
Women Clothing,wanquila Women Lycra Solid Bodycon Dress ( Beige ),85,4.4
Women Clothing,"BLYNK Lycra Petticoat ( Maroon , )",87,4.3
Women Clothing,Sheetal associates Women Crepe Printed Fit & Flare Dress ( White ),61,3.0
Women Clothing,TUHIRAJ Women Crepe Printed Gown ( Brown ),53,4.3
Women Clothing,Sheetal associates Women Crepe Printed Shirt Dress ( White ),61,4.8
Women Clothing,"KNOWZY Rayon Women Dupatta ( Magenta , Pack of 1 )",82,3.0
Women Clothing,Fabverse Women Lycra Solid Bodycon Dress ( Black ),79,2.8
Women Clothing,Sheetal associates Women Crepe Printed A-line Dress ( Orange ),66,4.3
Women Clothing,Madhusudan Women Rayon Printed Ethnic Dress ( Pink ),76,1.9
Women Clothing,Sheetal associates Women Crepe Printed Shirt Dress ( Green ),61,4.4
Women Clothing,JASH CREATION Women Cotton Blend Printed Fit & Flare Dress ( Pink ),82,1.8
Women Clothing,Sheetal associates Women Polyester Printed Fit & Flare Dress ( Brown ),61,3.8
Women Clothing,Shri Hub Cotton Women White Salwar,63,4.4
Women Clothing,THE LADIES FASHION Women Viscose Rayon Maxi ( White ),76,4.0
Women Clothing,Sheetal associates Women Crepe Printed A-line Dress ( White ),61,3.5
Women Clothing,NIVESTANA Women Viscose Rayon Gown ( Purple ),75,3.3
Women Clothing,"DELTIN HUB Lycra Petticoat ( White , )",67,4.3
Women Clothing,Fasanger Cotton Lycra Women's Shrugs - White ( ),90,2.8
Women Clothing,"BLYNK Lycra Petticoat ( Multicoloured , )",82,1.8
Women Clothing,"BLYNK Lycra Petticoat ( Pink , )",87,1.8
Women Clothing,"DELTIN HUB Polyester Petticoat ( White , )",67,1.5
Women Clothing,Fasanger Cotton Lycra Women's Shrugs - Blue ( ),89,4.1
Women Clothing,"DELTIN HUB Lycra Petticoat ( Yellow , )",67,2.7
Women Clothing,"BLYNK Lycra Petticoat ( Multicoloured , )",82,2.8
Women Clothing,Tankirti Cotton Printed Women Regular Nighty ( Blue ),89,2.2
Women Clothing,PIYURZ Pack of 6 Poly Cotton Solid Women's Briefs ( Multi Color ),74,2.6
Women Clothing,Vkaran Lycra Cut Outs Saree With Unstitched Blouse Piece ( Black ),85,2.4
Women Clothing,Laadli Black Readymade without Pad Cotton Blend Women's Blouse ( Pack of 1 ),65,3.3
Women Clothing,DOOZIE LOVEPLUS Pack of 6 Poly Cotton Printed Women's Hipster ( Multicolor ),80,3.4
Women Clothing,COMFY ATTIRE Brown Cotton Women's Tiered Skirt ( Pack of 1 ),69,1.7
Women Clothing,color bucket Women Net Circular Semi Stitched Lehenga Choli ( Beige ),81,4.3
Women Clothing,YUGAVEERAA Lycra Solid Regular Saree With Unstitched Blouse Piece ( Blue ),66,3.4
Women Clothing,PIYURZ Pack of 6 Poly Cotton Solid Women's Briefs ( Multi Color ),74,4.0
Women Clothing,"N-Gal Lycra Petticoat ( Black , )",81,3.7
Women Clothing,Vibhagyaa Georgette Printed Saree With Unstitched Blouse Piece ( Black ),75,1.6
Women Clothing,shrihub - Cotton Red Women's Semi Patiala Salwar ( Pack of 1 ),65,1.9
Women Clothing,Fasanger Women's Printed Cotton Blend Dungarees ( Yellow ),87,4.1
Women Clothing,RIYA ENTERPRISE Chiffon Solid Regular Saree With Unstitched Blouse Piece ( Gold ),69,1.9
Women Clothing,JASH CREATION Black Flared Cotton Blend Women's Stitched Ethnic Gown ( Pack of 1 ),84,1.5
Women Clothing,"DELTIN HUB Lycra Petticoat ( Black , )",67,2.8
Women Clothing,"DELTIN HUB Polyester Petticoat ( Blue , )",67,2.5
Women Clothing,"kinu Satin Petticoat ( Grey , )",71,1.5
Women Clothing,"BLYNK Lycra Petticoat ( Multicoloured , )",82,1.6
Women Clothing,Bulbul Gold Readymade without Pad Lycra Women's Blouse ( Pack of 1 ),86,2.1
Women Clothing,"Igrab Cotton Blend Hipster ( Multicolor , Pack of 10 )",81,4.5
Women Clothing,Ogarti Woollen Shrugs - Maroon,59,1.7
Women Clothing,CHALODIA Black Denim Women's Straight Skirts ( Pack of 1 ),77,1.9
Women Clothing,ALTECIA Women Net Indo-Western Semi Stitched Lehenga Choli ( Black ),33,4.1
Women Clothing,"kinu Satin Petticoat ( Gold , )",71,4.3
Women Clothing,LONDON BELLY Multicolor Cotton Blend Regular Fit Women's Jumpsuit ( Pack of 1 ),81,3.6
Women Clothing,hakshlifestlye Pack of 3 Cotton Non Padded Everyday Bra For Women ( Multicolor ),67,4.7
Women Clothing,SELVIFAB Maroon Crepe Regular Fit Women's Jumpsuit ( Pack of 1 ),76,3.0
Women Clothing,FIHA Womens Fishnet Bodystocking Crotchless Bodysuit Tights Soft Nightwear Lingerie,45,4.4
Women Clothing,Laadli Maroon Readymade without Pad Cotton Blend Women's Blouse ( Pack of 1 ),65,2.3
Women Clothing,"kramox pack of 2 (72 pcs) trips Double Sided Tape for Fashion, Clothing and Body | All Day Strength Invisible Dress Tape for women | Gentle to stick on Skin and clothes | Transparent",84,4.1
Women Clothing,"manidhari fab Cotton Petticoat ( Black , )",57,4.8
Women Clothing,"Paryag Woollen Thermal Tops ( Multi Color , Pack of 2 )",64,2.9
Women Clothing,Fit BodyBra Pack of 3 Cotton Blend Non Padded Everyday Bra For Women ( Multicolor ),81,2.3
Women Clothing,Spiaty Women Stockings,75,1.6
